operon	ID	tig	max	min	seqname	start	end	strand	ProkkaNO	Target_label	Query_label	Percent_identity	align_length	mismatch	gap_opens	start_query	end_query	start_target	end_target	E_value	Bit score	GTDBTax	MiDAS3_6Tax	MIdentity	MAlnLgth	SILVA138Tax	SIdentity	SAlnLgth	max_abund	Function	operon_place	ID2	end_target_plot	start_target_plot
461	Aved_18-Q3-R54-62_MAXAC.030	tig00032689-10-260880	1676	1666	tig00032689-10-260880	0	584	-1	1664	Aved_18-Q3-R54-62_MAXAC.030_01664	NA	40	NA	NA	NA	NA	NA	NA	NA	NA	NA	d__Bacteria;p__Bacteroidota;c__Ignavibacteria;o__SJA-28;f__B-1AR;g__UBA2330;s__	ESV73.1442;tax=d:Bacteria,p:Bacteroidetes,c:Ignavibacteria,o:SJA-28,f:midas_f_31,g:midas_g_31,s:midas_s_31;	NA	NA	FPLP01006939.12.1511 Bacteria;Bacteroidota;SJA-28;metagenome	NA	NA	NA	NA	NA	Aved_18-Q3-R54-62_MAXAC.030	584	0
461	Aved_18-Q3-R54-62_MAXAC.030	tig00032689-10-260880	1676	1666	tig00032689-10-260880	631	1701	-1	1665	Aved_18-Q3-R54-62_MAXAC.030_01665	NA	40	NA	NA	NA	NA	NA	NA	NA	NA	NA	d__Bacteria;p__Bacteroidota;c__Ignavibacteria;o__SJA-28;f__B-1AR;g__UBA2330;s__	ESV73.1442;tax=d:Bacteria,p:Bacteroidetes,c:Ignavibacteria,o:SJA-28,f:midas_f_31,g:midas_g_31,s:midas_s_31;	NA	NA	FPLP01006939.12.1511 Bacteria;Bacteroidota;SJA-28;metagenome	NA	NA	NA	NA	NA	Aved_18-Q3-R54-62_MAXAC.030	1701	631
461	Aved_18-Q3-R54-62_MAXAC.030	tig00032689-10-260880	1676	1666	tig00032689-10-260880	1816	2562	-1	1666	Aved_18-Q3-R54-62_MAXAC.030_01666	epsJ	22.609	230	155	10	4	216	1	224	7.13e-27	111	d__Bacteria;p__Bacteroidota;c__Ignavibacteria;o__SJA-28;f__B-1AR;g__UBA2330;s__	ESV73.1442;tax=d:Bacteria,p:Bacteroidetes,c:Ignavibacteria,o:SJA-28,f:midas_f_31,g:midas_g_31,s:midas_s_31;	100	1442	FPLP01006939.12.1511 Bacteria;Bacteroidota;SJA-28;metagenome	99.8	1500	NA	GT	start	Aved_18-Q3-R54-62_MAXAC.030	2488	1819
461	Aved_18-Q3-R54-62_MAXAC.030	tig00032689-10-260880	1676	1666	tig00032689-10-260880	2565	3002	-1	1667	Aved_18-Q3-R54-62_MAXAC.030_01667	NA	40	NA	NA	NA	NA	NA	NA	NA	NA	NA	d__Bacteria;p__Bacteroidota;c__Ignavibacteria;o__SJA-28;f__B-1AR;g__UBA2330;s__	ESV73.1442;tax=d:Bacteria,p:Bacteroidetes,c:Ignavibacteria,o:SJA-28,f:midas_f_31,g:midas_g_31,s:midas_s_31;	NA	NA	FPLP01006939.12.1511 Bacteria;Bacteroidota;SJA-28;metagenome	NA	NA	NA	NA	NA	Aved_18-Q3-R54-62_MAXAC.030	3002	2565
461	Aved_18-Q3-R54-62_MAXAC.030	tig00032689-10-260880	1676	1666	tig00032689-10-260880	3029	3295	-1	1668	Aved_18-Q3-R54-62_MAXAC.030_01668	epsJ	24.359	78	57	1	26	103	1	76	2.55e-14	73.3	d__Bacteria;p__Bacteroidota;c__Ignavibacteria;o__SJA-28;f__B-1AR;g__UBA2330;s__	ESV73.1442;tax=d:Bacteria,p:Bacteroidetes,c:Ignavibacteria,o:SJA-28,f:midas_f_31,g:midas_g_31,s:midas_s_31;	100	1442	FPLP01006939.12.1511 Bacteria;Bacteroidota;SJA-28;metagenome	99.8	1500	NA	GT	NA	Aved_18-Q3-R54-62_MAXAC.030	3257	3032
461	Aved_18-Q3-R54-62_MAXAC.030	tig00032689-10-260880	1676	1666	tig00032689-10-260880	4004	4366	-1	1669	Aved_18-Q3-R54-62_MAXAC.030_01669	epsH	24.324	111	76	3	6	111	2	109	6.22e-21	92.3	d__Bacteria;p__Bacteroidota;c__Ignavibacteria;o__SJA-28;f__B-1AR;g__UBA2330;s__	ESV73.1442;tax=d:Bacteria,p:Bacteroidetes,c:Ignavibacteria,o:SJA-28,f:midas_f_31,g:midas_g_31,s:midas_s_31;	100	1442	FPLP01006939.12.1511 Bacteria;Bacteroidota;SJA-28;metagenome	99.8	1500	NA	GT	NA	Aved_18-Q3-R54-62_MAXAC.030	4331	4010
461	Aved_18-Q3-R54-62_MAXAC.030	tig00032689-10-260880	1676	1666	tig00032689-10-260880	4369	4923	-1	1670	Aved_18-Q3-R54-62_MAXAC.030_01670	NA	40	NA	NA	NA	NA	NA	NA	NA	NA	NA	d__Bacteria;p__Bacteroidota;c__Ignavibacteria;o__SJA-28;f__B-1AR;g__UBA2330;s__	ESV73.1442;tax=d:Bacteria,p:Bacteroidetes,c:Ignavibacteria,o:SJA-28,f:midas_f_31,g:midas_g_31,s:midas_s_31;	NA	NA	FPLP01006939.12.1511 Bacteria;Bacteroidota;SJA-28;metagenome	NA	NA	NA	NA	NA	Aved_18-Q3-R54-62_MAXAC.030	4923	4369
461	Aved_18-Q3-R54-62_MAXAC.030	tig00032689-10-260880	1676	1666	tig00032689-10-260880	4949	5428	-1	1671	Aved_18-Q3-R54-62_MAXAC.030_01671	NA	40	NA	NA	NA	NA	NA	NA	NA	NA	NA	d__Bacteria;p__Bacteroidota;c__Ignavibacteria;o__SJA-28;f__B-1AR;g__UBA2330;s__	ESV73.1442;tax=d:Bacteria,p:Bacteroidetes,c:Ignavibacteria,o:SJA-28,f:midas_f_31,g:midas_g_31,s:midas_s_31;	NA	NA	FPLP01006939.12.1511 Bacteria;Bacteroidota;SJA-28;metagenome	NA	NA	NA	NA	NA	Aved_18-Q3-R54-62_MAXAC.030	5428	4949
461	Aved_18-Q3-R54-62_MAXAC.030	tig00032689-10-260880	1676	1666	tig00032689-10-260880	5425	5721	-1	1672	Aved_18-Q3-R54-62_MAXAC.030_01672	NA	40	NA	NA	NA	NA	NA	NA	NA	NA	NA	d__Bacteria;p__Bacteroidota;c__Ignavibacteria;o__SJA-28;f__B-1AR;g__UBA2330;s__	ESV73.1442;tax=d:Bacteria,p:Bacteroidetes,c:Ignavibacteria,o:SJA-28,f:midas_f_31,g:midas_g_31,s:midas_s_31;	NA	NA	FPLP01006939.12.1511 Bacteria;Bacteroidota;SJA-28;metagenome	NA	NA	NA	NA	NA	Aved_18-Q3-R54-62_MAXAC.030	5721	5425
461	Aved_18-Q3-R54-62_MAXAC.030	tig00032689-10-260880	1676	1666	tig00032689-10-260880	5757	6137	-1	1673	Aved_18-Q3-R54-62_MAXAC.030_01673	epsH	25.581	86	61	3	33	116	13	97	4.06e-12	68.4	d__Bacteria;p__Bacteroidota;c__Ignavibacteria;o__SJA-28;f__B-1AR;g__UBA2330;s__	ESV73.1442;tax=d:Bacteria,p:Bacteroidetes,c:Ignavibacteria,o:SJA-28,f:midas_f_31,g:midas_g_31,s:midas_s_31;	100	1442	FPLP01006939.12.1511 Bacteria;Bacteroidota;SJA-28;metagenome	99.8	1500	NA	GT	NA	Aved_18-Q3-R54-62_MAXAC.030	6048	5796
461	Aved_18-Q3-R54-62_MAXAC.030	tig00032689-10-260880	1676	1666	tig00032689-10-260880	6192	7754	-1	1674	Aved_18-Q3-R54-62_MAXAC.030_01674	epsK	23.404	188	139	2	15	198	19	205	1.08e-06	57.4	d__Bacteria;p__Bacteroidota;c__Ignavibacteria;o__SJA-28;f__B-1AR;g__UBA2330;s__	ESV73.1442;tax=d:Bacteria,p:Bacteroidetes,c:Ignavibacteria,o:SJA-28,f:midas_f_31,g:midas_g_31,s:midas_s_31;	100	1442	FPLP01006939.12.1511 Bacteria;Bacteroidota;SJA-28;metagenome	99.8	1500	NA	Export	NA	Aved_18-Q3-R54-62_MAXAC.030	6807	6249
461	Aved_18-Q3-R54-62_MAXAC.030	tig00032689-10-260880	1676	1666	tig00032689-10-260880	7754	8110	-1	1675	Aved_18-Q3-R54-62_MAXAC.030_01675	NA	40	NA	NA	NA	NA	NA	NA	NA	NA	NA	d__Bacteria;p__Bacteroidota;c__Ignavibacteria;o__SJA-28;f__B-1AR;g__UBA2330;s__	ESV73.1442;tax=d:Bacteria,p:Bacteroidetes,c:Ignavibacteria,o:SJA-28,f:midas_f_31,g:midas_g_31,s:midas_s_31;	NA	NA	FPLP01006939.12.1511 Bacteria;Bacteroidota;SJA-28;metagenome	NA	NA	NA	NA	NA	Aved_18-Q3-R54-62_MAXAC.030	8110	7754
461	Aved_18-Q3-R54-62_MAXAC.030	tig00032689-10-260880	1676	1666	tig00032689-10-260880	8164	8592	-1	1676	Aved_18-Q3-R54-62_MAXAC.030_01676	epsJ	24.49	98	65	3	4	95	7	101	7.85e-16	79.1	d__Bacteria;p__Bacteroidota;c__Ignavibacteria;o__SJA-28;f__B-1AR;g__UBA2330;s__	ESV73.1442;tax=d:Bacteria,p:Bacteroidetes,c:Ignavibacteria,o:SJA-28,f:midas_f_31,g:midas_g_31,s:midas_s_31;	100	1442	FPLP01006939.12.1511 Bacteria;Bacteroidota;SJA-28;metagenome	99.8	1500	NA	GT	NA	Aved_18-Q3-R54-62_MAXAC.030	8467	8185
461	Aved_18-Q3-R54-62_MAXAC.030	tig00032689-10-260880	1676	1666	tig00032689-10-260880	8595	9596	-1	1677	Aved_18-Q3-R54-62_MAXAC.030_01677	NA	40	NA	NA	NA	NA	NA	NA	NA	NA	NA	d__Bacteria;p__Bacteroidota;c__Ignavibacteria;o__SJA-28;f__B-1AR;g__UBA2330;s__	ESV73.1442;tax=d:Bacteria,p:Bacteroidetes,c:Ignavibacteria,o:SJA-28,f:midas_f_31,g:midas_g_31,s:midas_s_31;	NA	NA	FPLP01006939.12.1511 Bacteria;Bacteroidota;SJA-28;metagenome	NA	NA	NA	NA	NA	Aved_18-Q3-R54-62_MAXAC.030	9596	8595
461	Aved_18-Q3-R54-62_MAXAC.030	tig00032689-10-260880	1676	1666	tig00032689-10-260880	9652	10161	-1	1678	Aved_18-Q3-R54-62_MAXAC.030_01678	NA	40	NA	NA	NA	NA	NA	NA	NA	NA	NA	d__Bacteria;p__Bacteroidota;c__Ignavibacteria;o__SJA-28;f__B-1AR;g__UBA2330;s__	ESV73.1442;tax=d:Bacteria,p:Bacteroidetes,c:Ignavibacteria,o:SJA-28,f:midas_f_31,g:midas_g_31,s:midas_s_31;	NA	NA	FPLP01006939.12.1511 Bacteria;Bacteroidota;SJA-28;metagenome	NA	NA	NA	NA	NA	Aved_18-Q3-R54-62_MAXAC.030	10161	9652
1607	Damh_18-Q3-R51-60_BATAC.300	tig00004525-10-2331000	1276	1270	tig00004525-10-2331000	0	1001	1	1268	Damh_18-Q3-R51-60_BATAC.300_01268	NA	40	NA	NA	NA	NA	NA	NA	NA	NA	NA	d__Bacteria;p__Bacteroidota;c__Ignavibacteria;o__SJA-28;f__B-1AR;g__UBA2330;s__	ESV31.1442;tax=d:Bacteria,p:Bacteroidetes,c:Ignavibacteria,o:SJA-28,f:midas_f_31,g:midas_g_31,s:midas_s_31;	NA	NA	FPLP01006939.12.1511 Bacteria;Bacteroidota;SJA-28;metagenome	NA	NA	NA	NA	NA	Damh_18-Q3-R51-60_BATAC.300	1001	0
1607	Damh_18-Q3-R51-60_BATAC.300	tig00004525-10-2331000	1276	1270	tig00004525-10-2331000	1004	1843	1	1269	Damh_18-Q3-R51-60_BATAC.300_01269	NA	40	NA	NA	NA	NA	NA	NA	NA	NA	NA	d__Bacteria;p__Bacteroidota;c__Ignavibacteria;o__SJA-28;f__B-1AR;g__UBA2330;s__	ESV31.1442;tax=d:Bacteria,p:Bacteroidetes,c:Ignavibacteria,o:SJA-28,f:midas_f_31,g:midas_g_31,s:midas_s_31;	NA	NA	FPLP01006939.12.1511 Bacteria;Bacteroidota;SJA-28;metagenome	NA	NA	NA	NA	NA	Damh_18-Q3-R51-60_BATAC.300	1843	1004
1607	Damh_18-Q3-R51-60_BATAC.300	tig00004525-10-2331000	1276	1270	tig00004525-10-2331000	1843	3405	1	1270	Damh_18-Q3-R51-60_BATAC.300_01270	epsK	23.936	188	138	2	15	198	19	205	7e-07	58.2	d__Bacteria;p__Bacteroidota;c__Ignavibacteria;o__SJA-28;f__B-1AR;g__UBA2330;s__	ESV31.1442;tax=d:Bacteria,p:Bacteroidetes,c:Ignavibacteria,o:SJA-28,f:midas_f_31,g:midas_g_31,s:midas_s_31;	99.9	1442	FPLP01006939.12.1511 Bacteria;Bacteroidota;SJA-28;metagenome	99.7	1500	NA	Export	start	Damh_18-Q3-R51-60_BATAC.300	2458	1900
1607	Damh_18-Q3-R51-60_BATAC.300	tig00004525-10-2331000	1276	1270	tig00004525-10-2331000	3410	4174	1	1271	Damh_18-Q3-R51-60_BATAC.300_01271	epsH	23.902	205	148	6	6	207	2	201	1.44e-22	100	d__Bacteria;p__Bacteroidota;c__Ignavibacteria;o__SJA-28;f__B-1AR;g__UBA2330;s__	ESV31.1442;tax=d:Bacteria,p:Bacteroidetes,c:Ignavibacteria,o:SJA-28,f:midas_f_31,g:midas_g_31,s:midas_s_31;	99.9	1442	FPLP01006939.12.1511 Bacteria;Bacteroidota;SJA-28;metagenome	99.7	1500	NA	GT	NA	Damh_18-Q3-R51-60_BATAC.300	4013	3416
1607	Damh_18-Q3-R51-60_BATAC.300	tig00004525-10-2331000	1276	1270	tig00004525-10-2331000	4171	4905	1	1272	Damh_18-Q3-R51-60_BATAC.300_01272	NA	40	NA	NA	NA	NA	NA	NA	NA	NA	NA	d__Bacteria;p__Bacteroidota;c__Ignavibacteria;o__SJA-28;f__B-1AR;g__UBA2330;s__	ESV31.1442;tax=d:Bacteria,p:Bacteroidetes,c:Ignavibacteria,o:SJA-28,f:midas_f_31,g:midas_g_31,s:midas_s_31;	NA	NA	FPLP01006939.12.1511 Bacteria;Bacteroidota;SJA-28;metagenome	NA	NA	NA	NA	NA	Damh_18-Q3-R51-60_BATAC.300	4905	4171
1607	Damh_18-Q3-R51-60_BATAC.300	tig00004525-10-2331000	1276	1270	tig00004525-10-2331000	4946	5233	1	1273	Damh_18-Q3-R51-60_BATAC.300_01273	NA	40	NA	NA	NA	NA	NA	NA	NA	NA	NA	d__Bacteria;p__Bacteroidota;c__Ignavibacteria;o__SJA-28;f__B-1AR;g__UBA2330;s__	ESV31.1442;tax=d:Bacteria,p:Bacteroidetes,c:Ignavibacteria,o:SJA-28,f:midas_f_31,g:midas_g_31,s:midas_s_31;	NA	NA	FPLP01006939.12.1511 Bacteria;Bacteroidota;SJA-28;metagenome	NA	NA	NA	NA	NA	Damh_18-Q3-R51-60_BATAC.300	5233	4946
1607	Damh_18-Q3-R51-60_BATAC.300	tig00004525-10-2331000	1276	1270	tig00004525-10-2331000	5236	6189	1	1274	Damh_18-Q3-R51-60_BATAC.300_01274	epsJ	22.124	226	159	8	4	217	1	221	2.41e-30	122	d__Bacteria;p__Bacteroidota;c__Ignavibacteria;o__SJA-28;f__B-1AR;g__UBA2330;s__	ESV31.1442;tax=d:Bacteria,p:Bacteroidetes,c:Ignavibacteria,o:SJA-28,f:midas_f_31,g:midas_g_31,s:midas_s_31;	99.9	1442	FPLP01006939.12.1511 Bacteria;Bacteroidota;SJA-28;metagenome	99.7	1500	NA	GT	NA	Damh_18-Q3-R51-60_BATAC.300	5899	5239
1607	Damh_18-Q3-R51-60_BATAC.300	tig00004525-10-2331000	1276	1270	tig00004525-10-2331000	6306	7277	1	1275	Damh_18-Q3-R51-60_BATAC.300_01275	NA	40	NA	NA	NA	NA	NA	NA	NA	NA	NA	d__Bacteria;p__Bacteroidota;c__Ignavibacteria;o__SJA-28;f__B-1AR;g__UBA2330;s__	ESV31.1442;tax=d:Bacteria,p:Bacteroidetes,c:Ignavibacteria,o:SJA-28,f:midas_f_31,g:midas_g_31,s:midas_s_31;	NA	NA	FPLP01006939.12.1511 Bacteria;Bacteroidota;SJA-28;metagenome	NA	NA	NA	NA	NA	Damh_18-Q3-R51-60_BATAC.300	7277	6306
1607	Damh_18-Q3-R51-60_BATAC.300	tig00004525-10-2331000	1276	1270	tig00004525-10-2331000	7280	8146	1	1276	Damh_18-Q3-R51-60_BATAC.300_01276	epsJ	24.017	229	153	9	4	216	1	224	8.6e-27	112	d__Bacteria;p__Bacteroidota;c__Ignavibacteria;o__SJA-28;f__B-1AR;g__UBA2330;s__	ESV31.1442;tax=d:Bacteria,p:Bacteroidetes,c:Ignavibacteria,o:SJA-28,f:midas_f_31,g:midas_g_31,s:midas_s_31;	99.9	1442	FPLP01006939.12.1511 Bacteria;Bacteroidota;SJA-28;metagenome	99.7	1500	NA	GT	NA	Damh_18-Q3-R51-60_BATAC.300	7952	7283
1607	Damh_18-Q3-R51-60_BATAC.300	tig00004525-10-2331000	1276	1270	tig00004525-10-2331000	8143	9258	1	1277	Damh_18-Q3-R51-60_BATAC.300_01277	NA	40	NA	NA	NA	NA	NA	NA	NA	NA	NA	d__Bacteria;p__Bacteroidota;c__Ignavibacteria;o__SJA-28;f__B-1AR;g__UBA2330;s__	ESV31.1442;tax=d:Bacteria,p:Bacteroidetes,c:Ignavibacteria,o:SJA-28,f:midas_f_31,g:midas_g_31,s:midas_s_31;	NA	NA	FPLP01006939.12.1511 Bacteria;Bacteroidota;SJA-28;metagenome	NA	NA	NA	NA	NA	Damh_18-Q3-R51-60_BATAC.300	9258	8143
1607	Damh_18-Q3-R51-60_BATAC.300	tig00004525-10-2331000	1276	1270	tig00004525-10-2331000	9263	9847	1	1278	Damh_18-Q3-R51-60_BATAC.300_01278	NA	40	NA	NA	NA	NA	NA	NA	NA	NA	NA	d__Bacteria;p__Bacteroidota;c__Ignavibacteria;o__SJA-28;f__B-1AR;g__UBA2330;s__	ESV31.1442;tax=d:Bacteria,p:Bacteroidetes,c:Ignavibacteria,o:SJA-28,f:midas_f_31,g:midas_g_31,s:midas_s_31;	NA	NA	FPLP01006939.12.1511 Bacteria;Bacteroidota;SJA-28;metagenome	NA	NA	NA	NA	NA	Damh_18-Q3-R51-60_BATAC.300	9847	9263
1989	Ega_18-Q3-R5-49_BATAC.213	tig00019995-10-949780	3023	3018	tig00019995-10-949780	0	1001	1	3016	Ega_18-Q3-R5-49_BATAC.213_03016	NA	40	NA	NA	NA	NA	NA	NA	NA	NA	NA	d__Bacteria;p__Bacteroidota;c__Ignavibacteria;o__SJA-28;f__B-1AR;g__UBA2330;s__	ESV31.1442;tax=d:Bacteria,p:Bacteroidetes,c:Ignavibacteria,o:SJA-28,f:midas_f_31,g:midas_g_31,s:midas_s_31;	NA	NA	FPLP01006939.12.1511 Bacteria;Bacteroidota;SJA-28;metagenome	NA	NA	NA	NA	NA	Ega_18-Q3-R5-49_BATAC.213	1001	0
1989	Ega_18-Q3-R5-49_BATAC.213	tig00019995-10-949780	3023	3018	tig00019995-10-949780	1004	1843	1	3017	Ega_18-Q3-R5-49_BATAC.213_03017	NA	40	NA	NA	NA	NA	NA	NA	NA	NA	NA	d__Bacteria;p__Bacteroidota;c__Ignavibacteria;o__SJA-28;f__B-1AR;g__UBA2330;s__	ESV31.1442;tax=d:Bacteria,p:Bacteroidetes,c:Ignavibacteria,o:SJA-28,f:midas_f_31,g:midas_g_31,s:midas_s_31;	NA	NA	FPLP01006939.12.1511 Bacteria;Bacteroidota;SJA-28;metagenome	NA	NA	NA	NA	NA	Ega_18-Q3-R5-49_BATAC.213	1843	1004
1989	Ega_18-Q3-R5-49_BATAC.213	tig00019995-10-949780	3023	3018	tig00019995-10-949780	1843	3405	1	3018	Ega_18-Q3-R5-49_BATAC.213_03018	epsK	23.404	188	139	2	15	198	19	205	1.08e-06	57.4	d__Bacteria;p__Bacteroidota;c__Ignavibacteria;o__SJA-28;f__B-1AR;g__UBA2330;s__	ESV31.1442;tax=d:Bacteria,p:Bacteroidetes,c:Ignavibacteria,o:SJA-28,f:midas_f_31,g:midas_g_31,s:midas_s_31;	99.7	1442	FPLP01006939.12.1511 Bacteria;Bacteroidota;SJA-28;metagenome	99.5	1500	NA	Export	start	Ega_18-Q3-R5-49_BATAC.213	2458	1900
1989	Ega_18-Q3-R5-49_BATAC.213	tig00019995-10-949780	3023	3018	tig00019995-10-949780	3410	4174	1	3019	Ega_18-Q3-R5-49_BATAC.213_03019	epsH	23.902	205	148	6	6	207	2	201	1.29e-24	106	d__Bacteria;p__Bacteroidota;c__Ignavibacteria;o__SJA-28;f__B-1AR;g__UBA2330;s__	ESV31.1442;tax=d:Bacteria,p:Bacteroidetes,c:Ignavibacteria,o:SJA-28,f:midas_f_31,g:midas_g_31,s:midas_s_31;	99.7	1442	FPLP01006939.12.1511 Bacteria;Bacteroidota;SJA-28;metagenome	99.5	1500	NA	GT	NA	Ega_18-Q3-R5-49_BATAC.213	4013	3416
1989	Ega_18-Q3-R5-49_BATAC.213	tig00019995-10-949780	3023	3018	tig00019995-10-949780	4171	5232	1	3020	Ega_18-Q3-R5-49_BATAC.213_03020	NA	40	NA	NA	NA	NA	NA	NA	NA	NA	NA	d__Bacteria;p__Bacteroidota;c__Ignavibacteria;o__SJA-28;f__B-1AR;g__UBA2330;s__	ESV31.1442;tax=d:Bacteria,p:Bacteroidetes,c:Ignavibacteria,o:SJA-28,f:midas_f_31,g:midas_g_31,s:midas_s_31;	NA	NA	FPLP01006939.12.1511 Bacteria;Bacteroidota;SJA-28;metagenome	NA	NA	NA	NA	NA	Ega_18-Q3-R5-49_BATAC.213	5232	4171
1989	Ega_18-Q3-R5-49_BATAC.213	tig00019995-10-949780	3023	3018	tig00019995-10-949780	5207	6187	1	3021	Ega_18-Q3-R5-49_BATAC.213_03021	epsJ	22.124	226	159	8	4	217	10	230	4e-30	122	d__Bacteria;p__Bacteroidota;c__Ignavibacteria;o__SJA-28;f__B-1AR;g__UBA2330;s__	ESV31.1442;tax=d:Bacteria,p:Bacteroidetes,c:Ignavibacteria,o:SJA-28,f:midas_f_31,g:midas_g_31,s:midas_s_31;	99.7	1442	FPLP01006939.12.1511 Bacteria;Bacteroidota;SJA-28;metagenome	99.5	1500	NA	GT	NA	Ega_18-Q3-R5-49_BATAC.213	5897	5237
1989	Ega_18-Q3-R5-49_BATAC.213	tig00019995-10-949780	3023	3018	tig00019995-10-949780	6304	7275	1	3022	Ega_18-Q3-R5-49_BATAC.213_03022	epsJ	21.196	184	135	6	26	203	1	180	1.89e-22	101	d__Bacteria;p__Bacteroidota;c__Ignavibacteria;o__SJA-28;f__B-1AR;g__UBA2330;s__	ESV31.1442;tax=d:Bacteria,p:Bacteroidetes,c:Ignavibacteria,o:SJA-28,f:midas_f_31,g:midas_g_31,s:midas_s_31;	99.7	1442	FPLP01006939.12.1511 Bacteria;Bacteroidota;SJA-28;metagenome	99.5	1500	NA	GT	NA	Ega_18-Q3-R5-49_BATAC.213	6844	6307
1989	Ega_18-Q3-R5-49_BATAC.213	tig00019995-10-949780	3023	3018	tig00019995-10-949780	7278	8144	1	3023	Ega_18-Q3-R5-49_BATAC.213_03023	epsJ	24.017	229	153	9	4	216	1	224	1.28e-27	114	d__Bacteria;p__Bacteroidota;c__Ignavibacteria;o__SJA-28;f__B-1AR;g__UBA2330;s__	ESV31.1442;tax=d:Bacteria,p:Bacteroidetes,c:Ignavibacteria,o:SJA-28,f:midas_f_31,g:midas_g_31,s:midas_s_31;	99.7	1442	FPLP01006939.12.1511 Bacteria;Bacteroidota;SJA-28;metagenome	99.5	1500	NA	GT	NA	Ega_18-Q3-R5-49_BATAC.213	7950	7281
1989	Ega_18-Q3-R5-49_BATAC.213	tig00019995-10-949780	3023	3018	tig00019995-10-949780	8141	9256	1	3024	Ega_18-Q3-R5-49_BATAC.213_03024	NA	40	NA	NA	NA	NA	NA	NA	NA	NA	NA	d__Bacteria;p__Bacteroidota;c__Ignavibacteria;o__SJA-28;f__B-1AR;g__UBA2330;s__	ESV31.1442;tax=d:Bacteria,p:Bacteroidetes,c:Ignavibacteria,o:SJA-28,f:midas_f_31,g:midas_g_31,s:midas_s_31;	NA	NA	FPLP01006939.12.1511 Bacteria;Bacteroidota;SJA-28;metagenome	NA	NA	NA	NA	NA	Ega_18-Q3-R5-49_BATAC.213	9256	8141
1989	Ega_18-Q3-R5-49_BATAC.213	tig00019995-10-949780	3023	3018	tig00019995-10-949780	9261	9845	1	3025	Ega_18-Q3-R5-49_BATAC.213_03025	NA	40	NA	NA	NA	NA	NA	NA	NA	NA	NA	d__Bacteria;p__Bacteroidota;c__Ignavibacteria;o__SJA-28;f__B-1AR;g__UBA2330;s__	ESV31.1442;tax=d:Bacteria,p:Bacteroidetes,c:Ignavibacteria,o:SJA-28,f:midas_f_31,g:midas_g_31,s:midas_s_31;	NA	NA	FPLP01006939.12.1511 Bacteria;Bacteroidota;SJA-28;metagenome	NA	NA	NA	NA	NA	Ega_18-Q3-R5-49_BATAC.213	9845	9261
3511	EsbW_18-Q3-R4-48_MAXAC.017	tig00001290-10-13083280	66	60	tig00001290-10-13083280	0	584	-1	58	EsbW_18-Q3-R4-48_MAXAC.017_00058	NA	40	NA	NA	NA	NA	NA	NA	NA	NA	NA	d__Bacteria;p__Bacteroidota;c__Ignavibacteria;o__SJA-28;f__B-1AR;g__UBA2330;s__	ESV31.1442;tax=d:Bacteria,p:Bacteroidetes,c:Ignavibacteria,o:SJA-28,f:midas_f_31,g:midas_g_31,s:midas_s_31;	NA	NA	FPLP01006939.12.1511 Bacteria;Bacteroidota;SJA-28;metagenome	NA	NA	NA	NA	NA	EsbW_18-Q3-R4-48_MAXAC.017	584	0
3511	EsbW_18-Q3-R4-48_MAXAC.017	tig00001290-10-13083280	66	60	tig00001290-10-13083280	589	1704	-1	59	EsbW_18-Q3-R4-48_MAXAC.017_00059	NA	40	NA	NA	NA	NA	NA	NA	NA	NA	NA	d__Bacteria;p__Bacteroidota;c__Ignavibacteria;o__SJA-28;f__B-1AR;g__UBA2330;s__	ESV31.1442;tax=d:Bacteria,p:Bacteroidetes,c:Ignavibacteria,o:SJA-28,f:midas_f_31,g:midas_g_31,s:midas_s_31;	NA	NA	FPLP01006939.12.1511 Bacteria;Bacteroidota;SJA-28;metagenome	NA	NA	NA	NA	NA	EsbW_18-Q3-R4-48_MAXAC.017	1704	589
3511	EsbW_18-Q3-R4-48_MAXAC.017	tig00001290-10-13083280	66	60	tig00001290-10-13083280	1701	2567	-1	60	EsbW_18-Q3-R4-48_MAXAC.017_00060	epsJ	21.491	228	160	7	4	216	1	224	7.17e-25	107	d__Bacteria;p__Bacteroidota;c__Ignavibacteria;o__SJA-28;f__B-1AR;g__UBA2330;s__	ESV31.1442;tax=d:Bacteria,p:Bacteroidetes,c:Ignavibacteria,o:SJA-28,f:midas_f_31,g:midas_g_31,s:midas_s_31;	98	1443	FPLP01006939.12.1511 Bacteria;Bacteroidota;SJA-28;metagenome	97.8	1501	1.1125828	GT	start	EsbW_18-Q3-R4-48_MAXAC.017	2373	1704
3511	EsbW_18-Q3-R4-48_MAXAC.017	tig00001290-10-13083280	66	60	tig00001290-10-13083280	2570	3541	-1	61	EsbW_18-Q3-R4-48_MAXAC.017_00061	NA	40	NA	NA	NA	NA	NA	NA	NA	NA	NA	d__Bacteria;p__Bacteroidota;c__Ignavibacteria;o__SJA-28;f__B-1AR;g__UBA2330;s__	ESV31.1442;tax=d:Bacteria,p:Bacteroidetes,c:Ignavibacteria,o:SJA-28,f:midas_f_31,g:midas_g_31,s:midas_s_31;	NA	NA	FPLP01006939.12.1511 Bacteria;Bacteroidota;SJA-28;metagenome	NA	NA	NA	NA	NA	EsbW_18-Q3-R4-48_MAXAC.017	3541	2570
3511	EsbW_18-Q3-R4-48_MAXAC.017	tig00001290-10-13083280	66	60	tig00001290-10-13083280	3658	4638	-1	62	EsbW_18-Q3-R4-48_MAXAC.017_00062	epsJ	22.124	226	159	8	4	217	10	230	8.7e-31	124	d__Bacteria;p__Bacteroidota;c__Ignavibacteria;o__SJA-28;f__B-1AR;g__UBA2330;s__	ESV31.1442;tax=d:Bacteria,p:Bacteroidetes,c:Ignavibacteria,o:SJA-28,f:midas_f_31,g:midas_g_31,s:midas_s_31;	98	1443	FPLP01006939.12.1511 Bacteria;Bacteroidota;SJA-28;metagenome	97.8	1501	1.1125828	GT	NA	EsbW_18-Q3-R4-48_MAXAC.017	4348	3688
3511	EsbW_18-Q3-R4-48_MAXAC.017	tig00001290-10-13083280	66	60	tig00001290-10-13083280	4613	5674	-1	63	EsbW_18-Q3-R4-48_MAXAC.017_00063	NA	40	NA	NA	NA	NA	NA	NA	NA	NA	NA	d__Bacteria;p__Bacteroidota;c__Ignavibacteria;o__SJA-28;f__B-1AR;g__UBA2330;s__	ESV31.1442;tax=d:Bacteria,p:Bacteroidetes,c:Ignavibacteria,o:SJA-28,f:midas_f_31,g:midas_g_31,s:midas_s_31;	NA	NA	FPLP01006939.12.1511 Bacteria;Bacteroidota;SJA-28;metagenome	NA	NA	NA	NA	NA	EsbW_18-Q3-R4-48_MAXAC.017	5674	4613
3511	EsbW_18-Q3-R4-48_MAXAC.017	tig00001290-10-13083280	66	60	tig00001290-10-13083280	5671	6435	-1	64	EsbW_18-Q3-R4-48_MAXAC.017_00064	epsH	23.902	205	148	6	6	207	2	201	1.29e-24	106	d__Bacteria;p__Bacteroidota;c__Ignavibacteria;o__SJA-28;f__B-1AR;g__UBA2330;s__	ESV31.1442;tax=d:Bacteria,p:Bacteroidetes,c:Ignavibacteria,o:SJA-28,f:midas_f_31,g:midas_g_31,s:midas_s_31;	98	1443	FPLP01006939.12.1511 Bacteria;Bacteroidota;SJA-28;metagenome	97.8	1501	1.1125828	GT	NA	EsbW_18-Q3-R4-48_MAXAC.017	6274	5677
3511	EsbW_18-Q3-R4-48_MAXAC.017	tig00001290-10-13083280	66	60	tig00001290-10-13083280	6440	7699	-1	65	EsbW_18-Q3-R4-48_MAXAC.017_00065	NA	40	NA	NA	NA	NA	NA	NA	NA	NA	NA	d__Bacteria;p__Bacteroidota;c__Ignavibacteria;o__SJA-28;f__B-1AR;g__UBA2330;s__	ESV31.1442;tax=d:Bacteria,p:Bacteroidetes,c:Ignavibacteria,o:SJA-28,f:midas_f_31,g:midas_g_31,s:midas_s_31;	NA	NA	FPLP01006939.12.1511 Bacteria;Bacteroidota;SJA-28;metagenome	NA	NA	NA	NA	NA	EsbW_18-Q3-R4-48_MAXAC.017	7699	6440
3511	EsbW_18-Q3-R4-48_MAXAC.017	tig00001290-10-13083280	66	60	tig00001290-10-13083280	7647	8003	-1	66	EsbW_18-Q3-R4-48_MAXAC.017_00066	epsK	22	100	78	0	2	101	6	105	8.04e-13	70.9	d__Bacteria;p__Bacteroidota;c__Ignavibacteria;o__SJA-28;f__B-1AR;g__UBA2330;s__	ESV31.1442;tax=d:Bacteria,p:Bacteroidetes,c:Ignavibacteria,o:SJA-28,f:midas_f_31,g:midas_g_31,s:midas_s_31;	98	1443	FPLP01006939.12.1511 Bacteria;Bacteroidota;SJA-28;metagenome	97.8	1501	1.1125828	Export	NA	EsbW_18-Q3-R4-48_MAXAC.017	7962	7665
3511	EsbW_18-Q3-R4-48_MAXAC.017	tig00001290-10-13083280	66	60	tig00001290-10-13083280	8003	8842	-1	67	EsbW_18-Q3-R4-48_MAXAC.017_00067	NA	40	NA	NA	NA	NA	NA	NA	NA	NA	NA	d__Bacteria;p__Bacteroidota;c__Ignavibacteria;o__SJA-28;f__B-1AR;g__UBA2330;s__	ESV31.1442;tax=d:Bacteria,p:Bacteroidetes,c:Ignavibacteria,o:SJA-28,f:midas_f_31,g:midas_g_31,s:midas_s_31;	NA	NA	FPLP01006939.12.1511 Bacteria;Bacteroidota;SJA-28;metagenome	NA	NA	NA	NA	NA	EsbW_18-Q3-R4-48_MAXAC.017	8842	8003
3511	EsbW_18-Q3-R4-48_MAXAC.017	tig00001290-10-13083280	66	60	tig00001290-10-13083280	8845	9846	-1	68	EsbW_18-Q3-R4-48_MAXAC.017_00068	NA	40	NA	NA	NA	NA	NA	NA	NA	NA	NA	d__Bacteria;p__Bacteroidota;c__Ignavibacteria;o__SJA-28;f__B-1AR;g__UBA2330;s__	ESV31.1442;tax=d:Bacteria,p:Bacteroidetes,c:Ignavibacteria,o:SJA-28,f:midas_f_31,g:midas_g_31,s:midas_s_31;	NA	NA	FPLP01006939.12.1511 Bacteria;Bacteroidota;SJA-28;metagenome	NA	NA	NA	NA	NA	EsbW_18-Q3-R4-48_MAXAC.017	9846	8845
5480	Hade_18-Q3-R52-61_MAXAC.028	tig00007912-10-1345320	1558	1553	tig00007912-10-1345320	0	584	-1	1551	Hade_18-Q3-R52-61_MAXAC.028_01551	NA	40	NA	NA	NA	NA	NA	NA	NA	NA	NA	d__Bacteria;p__Bacteroidota;c__Ignavibacteria;o__SJA-28;f__B-1AR;g__UBA2330;s__	ESV31.1442;tax=d:Bacteria,p:Bacteroidetes,c:Ignavibacteria,o:SJA-28,f:midas_f_31,g:midas_g_31,s:midas_s_31;	NA	NA	FPLP01006939.12.1511 Bacteria;Bacteroidota;SJA-28;metagenome	NA	NA	NA	NA	NA	Hade_18-Q3-R52-61_MAXAC.028	584	0
5480	Hade_18-Q3-R52-61_MAXAC.028	tig00007912-10-1345320	1558	1553	tig00007912-10-1345320	589	1704	-1	1552	Hade_18-Q3-R52-61_MAXAC.028_01552	NA	40	NA	NA	NA	NA	NA	NA	NA	NA	NA	d__Bacteria;p__Bacteroidota;c__Ignavibacteria;o__SJA-28;f__B-1AR;g__UBA2330;s__	ESV31.1442;tax=d:Bacteria,p:Bacteroidetes,c:Ignavibacteria,o:SJA-28,f:midas_f_31,g:midas_g_31,s:midas_s_31;	NA	NA	FPLP01006939.12.1511 Bacteria;Bacteroidota;SJA-28;metagenome	NA	NA	NA	NA	NA	Hade_18-Q3-R52-61_MAXAC.028	1704	589
5480	Hade_18-Q3-R52-61_MAXAC.028	tig00007912-10-1345320	1558	1553	tig00007912-10-1345320	1701	2471	-1	1553	Hade_18-Q3-R52-61_MAXAC.028_01553	epsJ	22.449	196	132	8	36	216	2	192	5.48e-17	85.2	d__Bacteria;p__Bacteroidota;c__Ignavibacteria;o__SJA-28;f__B-1AR;g__UBA2330;s__	ESV31.1442;tax=d:Bacteria,p:Bacteroidetes,c:Ignavibacteria,o:SJA-28,f:midas_f_31,g:midas_g_31,s:midas_s_31;	99	1442	FPLP01006939.12.1511 Bacteria;Bacteroidota;SJA-28;metagenome	98.8	1500	NA	GT	start	Hade_18-Q3-R52-61_MAXAC.028	2277	1707
5480	Hade_18-Q3-R52-61_MAXAC.028	tig00007912-10-1345320	1558	1553	tig00007912-10-1345320	2570	3541	-1	1554	Hade_18-Q3-R52-61_MAXAC.028_01554	NA	40	NA	NA	NA	NA	NA	NA	NA	NA	NA	d__Bacteria;p__Bacteroidota;c__Ignavibacteria;o__SJA-28;f__B-1AR;g__UBA2330;s__	ESV31.1442;tax=d:Bacteria,p:Bacteroidetes,c:Ignavibacteria,o:SJA-28,f:midas_f_31,g:midas_g_31,s:midas_s_31;	NA	NA	FPLP01006939.12.1511 Bacteria;Bacteroidota;SJA-28;metagenome	NA	NA	NA	NA	NA	Hade_18-Q3-R52-61_MAXAC.028	3541	2570
5480	Hade_18-Q3-R52-61_MAXAC.028	tig00007912-10-1345320	1558	1553	tig00007912-10-1345320	3658	4611	-1	1555	Hade_18-Q3-R52-61_MAXAC.028_01555	epsJ	22.124	226	159	8	4	217	1	221	5.38e-31	124	d__Bacteria;p__Bacteroidota;c__Ignavibacteria;o__SJA-28;f__B-1AR;g__UBA2330;s__	ESV31.1442;tax=d:Bacteria,p:Bacteroidetes,c:Ignavibacteria,o:SJA-28,f:midas_f_31,g:midas_g_31,s:midas_s_31;	99	1442	FPLP01006939.12.1511 Bacteria;Bacteroidota;SJA-28;metagenome	98.8	1500	NA	GT	NA	Hade_18-Q3-R52-61_MAXAC.028	4321	3661
5480	Hade_18-Q3-R52-61_MAXAC.028	tig00007912-10-1345320	1558	1553	tig00007912-10-1345320	4613	5674	-1	1556	Hade_18-Q3-R52-61_MAXAC.028_01556	NA	40	NA	NA	NA	NA	NA	NA	NA	NA	NA	d__Bacteria;p__Bacteroidota;c__Ignavibacteria;o__SJA-28;f__B-1AR;g__UBA2330;s__	ESV31.1442;tax=d:Bacteria,p:Bacteroidetes,c:Ignavibacteria,o:SJA-28,f:midas_f_31,g:midas_g_31,s:midas_s_31;	NA	NA	FPLP01006939.12.1511 Bacteria;Bacteroidota;SJA-28;metagenome	NA	NA	NA	NA	NA	Hade_18-Q3-R52-61_MAXAC.028	5674	4613
5480	Hade_18-Q3-R52-61_MAXAC.028	tig00007912-10-1345320	1558	1553	tig00007912-10-1345320	5877	6434	-1	1557	Hade_18-Q3-R52-61_MAXAC.028_01557	epsH	26.506	166	114	6	6	168	2	162	1.29e-20	93.4	d__Bacteria;p__Bacteroidota;c__Ignavibacteria;o__SJA-28;f__B-1AR;g__UBA2330;s__	ESV31.1442;tax=d:Bacteria,p:Bacteroidetes,c:Ignavibacteria,o:SJA-28,f:midas_f_31,g:midas_g_31,s:midas_s_31;	99	1442	FPLP01006939.12.1511 Bacteria;Bacteroidota;SJA-28;metagenome	98.8	1500	NA	GT	NA	Hade_18-Q3-R52-61_MAXAC.028	6363	5883
5480	Hade_18-Q3-R52-61_MAXAC.028	tig00007912-10-1345320	1558	1553	tig00007912-10-1345320	6439	8001	-1	1558	Hade_18-Q3-R52-61_MAXAC.028_01558	epsK	23.404	188	139	2	15	198	19	205	1.09e-06	57.4	d__Bacteria;p__Bacteroidota;c__Ignavibacteria;o__SJA-28;f__B-1AR;g__UBA2330;s__	ESV31.1442;tax=d:Bacteria,p:Bacteroidetes,c:Ignavibacteria,o:SJA-28,f:midas_f_31,g:midas_g_31,s:midas_s_31;	99	1442	FPLP01006939.12.1511 Bacteria;Bacteroidota;SJA-28;metagenome	98.8	1500	NA	Export	NA	Hade_18-Q3-R52-61_MAXAC.028	7054	6496
5480	Hade_18-Q3-R52-61_MAXAC.028	tig00007912-10-1345320	1558	1553	tig00007912-10-1345320	8030	8839	-1	1559	Hade_18-Q3-R52-61_MAXAC.028_01559	NA	40	NA	NA	NA	NA	NA	NA	NA	NA	NA	d__Bacteria;p__Bacteroidota;c__Ignavibacteria;o__SJA-28;f__B-1AR;g__UBA2330;s__	ESV31.1442;tax=d:Bacteria,p:Bacteroidetes,c:Ignavibacteria,o:SJA-28,f:midas_f_31,g:midas_g_31,s:midas_s_31;	NA	NA	FPLP01006939.12.1511 Bacteria;Bacteroidota;SJA-28;metagenome	NA	NA	NA	NA	NA	Hade_18-Q3-R52-61_MAXAC.028	8839	8030
5480	Hade_18-Q3-R52-61_MAXAC.028	tig00007912-10-1345320	1558	1553	tig00007912-10-1345320	8842	9801	-1	1560	Hade_18-Q3-R52-61_MAXAC.028_01560	NA	40	NA	NA	NA	NA	NA	NA	NA	NA	NA	d__Bacteria;p__Bacteroidota;c__Ignavibacteria;o__SJA-28;f__B-1AR;g__UBA2330;s__	ESV31.1442;tax=d:Bacteria,p:Bacteroidetes,c:Ignavibacteria,o:SJA-28,f:midas_f_31,g:midas_g_31,s:midas_s_31;	NA	NA	FPLP01006939.12.1511 Bacteria;Bacteroidota;SJA-28;metagenome	NA	NA	NA	NA	NA	Hade_18-Q3-R52-61_MAXAC.028	9801	8842
8520	Mari_18-Q3-R65-66_MAXAC.025	tig00218278-10-10521780	2086	2082	tig00218278-10-10521780	0	959	1	2080	Mari_18-Q3-R65-66_MAXAC.025_02080	NA	40	NA	NA	NA	NA	NA	NA	NA	NA	NA	d__Bacteria;p__Bacteroidota;c__Ignavibacteria;o__SJA-28;f__B-1AR;g__UBA2330;s__	ESV31.1442;tax=d:Bacteria,p:Bacteroidetes,c:Ignavibacteria,o:SJA-28,f:midas_f_31,g:midas_g_31,s:midas_s_31;	NA	NA	FPLP01006939.12.1511 Bacteria;Bacteroidota;SJA-28;metagenome	NA	NA	NA	NA	NA	Mari_18-Q3-R65-66_MAXAC.025	959	0
8520	Mari_18-Q3-R65-66_MAXAC.025	tig00218278-10-10521780	2086	2082	tig00218278-10-10521780	962	1801	1	2081	Mari_18-Q3-R65-66_MAXAC.025_02081	NA	40	NA	NA	NA	NA	NA	NA	NA	NA	NA	d__Bacteria;p__Bacteroidota;c__Ignavibacteria;o__SJA-28;f__B-1AR;g__UBA2330;s__	ESV31.1442;tax=d:Bacteria,p:Bacteroidetes,c:Ignavibacteria,o:SJA-28,f:midas_f_31,g:midas_g_31,s:midas_s_31;	NA	NA	FPLP01006939.12.1511 Bacteria;Bacteroidota;SJA-28;metagenome	NA	NA	NA	NA	NA	Mari_18-Q3-R65-66_MAXAC.025	1801	962
8520	Mari_18-Q3-R65-66_MAXAC.025	tig00218278-10-10521780	2086	2082	tig00218278-10-10521780	1801	3363	1	2082	Mari_18-Q3-R65-66_MAXAC.025_02082	epsK	23.404	188	139	2	15	198	19	205	1.09e-06	57.4	d__Bacteria;p__Bacteroidota;c__Ignavibacteria;o__SJA-28;f__B-1AR;g__UBA2330;s__	ESV31.1442;tax=d:Bacteria,p:Bacteroidetes,c:Ignavibacteria,o:SJA-28,f:midas_f_31,g:midas_g_31,s:midas_s_31;	99.8	1444	FPLP01006939.12.1511 Bacteria;Bacteroidota;SJA-28;metagenome	99.5	1502	NA	Export	start	Mari_18-Q3-R65-66_MAXAC.025	2416	1858
8520	Mari_18-Q3-R65-66_MAXAC.025	tig00218278-10-10521780	2086	2082	tig00218278-10-10521780	3368	4132	1	2083	Mari_18-Q3-R65-66_MAXAC.025_02083	epsH	23.902	205	148	6	6	207	2	201	1.29e-24	106	d__Bacteria;p__Bacteroidota;c__Ignavibacteria;o__SJA-28;f__B-1AR;g__UBA2330;s__	ESV31.1442;tax=d:Bacteria,p:Bacteroidetes,c:Ignavibacteria,o:SJA-28,f:midas_f_31,g:midas_g_31,s:midas_s_31;	99.8	1444	FPLP01006939.12.1511 Bacteria;Bacteroidota;SJA-28;metagenome	99.5	1502	NA	GT	NA	Mari_18-Q3-R65-66_MAXAC.025	3971	3374
8520	Mari_18-Q3-R65-66_MAXAC.025	tig00218278-10-10521780	2086	2082	tig00218278-10-10521780	4129	5214	1	2084	Mari_18-Q3-R65-66_MAXAC.025_02084	NA	40	NA	NA	NA	NA	NA	NA	NA	NA	NA	d__Bacteria;p__Bacteroidota;c__Ignavibacteria;o__SJA-28;f__B-1AR;g__UBA2330;s__	ESV31.1442;tax=d:Bacteria,p:Bacteroidetes,c:Ignavibacteria,o:SJA-28,f:midas_f_31,g:midas_g_31,s:midas_s_31;	NA	NA	FPLP01006939.12.1511 Bacteria;Bacteroidota;SJA-28;metagenome	NA	NA	NA	NA	NA	Mari_18-Q3-R65-66_MAXAC.025	5214	4129
8520	Mari_18-Q3-R65-66_MAXAC.025	tig00218278-10-10521780	2086	2082	tig00218278-10-10521780	5165	6145	1	2085	Mari_18-Q3-R65-66_MAXAC.025_02085	epsJ	22.124	226	159	8	4	217	10	230	2.73e-30	122	d__Bacteria;p__Bacteroidota;c__Ignavibacteria;o__SJA-28;f__B-1AR;g__UBA2330;s__	ESV31.1442;tax=d:Bacteria,p:Bacteroidetes,c:Ignavibacteria,o:SJA-28,f:midas_f_31,g:midas_g_31,s:midas_s_31;	99.8	1444	FPLP01006939.12.1511 Bacteria;Bacteroidota;SJA-28;metagenome	99.5	1502	NA	GT	NA	Mari_18-Q3-R65-66_MAXAC.025	5855	5195
8520	Mari_18-Q3-R65-66_MAXAC.025	tig00218278-10-10521780	2086	2082	tig00218278-10-10521780	6262	7233	1	2086	Mari_18-Q3-R65-66_MAXAC.025_02086	epsJ	20.219	183	138	4	26	203	1	180	8.84e-23	102	d__Bacteria;p__Bacteroidota;c__Ignavibacteria;o__SJA-28;f__B-1AR;g__UBA2330;s__	ESV31.1442;tax=d:Bacteria,p:Bacteroidetes,c:Ignavibacteria,o:SJA-28,f:midas_f_31,g:midas_g_31,s:midas_s_31;	99.8	1444	FPLP01006939.12.1511 Bacteria;Bacteroidota;SJA-28;metagenome	99.5	1502	NA	GT	NA	Mari_18-Q3-R65-66_MAXAC.025	6802	6265
8520	Mari_18-Q3-R65-66_MAXAC.025	tig00218278-10-10521780	2086	2082	tig00218278-10-10521780	7332	8102	1	2087	Mari_18-Q3-R65-66_MAXAC.025_02087	NA	40	NA	NA	NA	NA	NA	NA	NA	NA	NA	d__Bacteria;p__Bacteroidota;c__Ignavibacteria;o__SJA-28;f__B-1AR;g__UBA2330;s__	ESV31.1442;tax=d:Bacteria,p:Bacteroidetes,c:Ignavibacteria,o:SJA-28,f:midas_f_31,g:midas_g_31,s:midas_s_31;	NA	NA	FPLP01006939.12.1511 Bacteria;Bacteroidota;SJA-28;metagenome	NA	NA	NA	NA	NA	Mari_18-Q3-R65-66_MAXAC.025	8102	7332
8520	Mari_18-Q3-R65-66_MAXAC.025	tig00218278-10-10521780	2086	2082	tig00218278-10-10521780	8099	9214	1	2088	Mari_18-Q3-R65-66_MAXAC.025_02088	NA	40	NA	NA	NA	NA	NA	NA	NA	NA	NA	d__Bacteria;p__Bacteroidota;c__Ignavibacteria;o__SJA-28;f__B-1AR;g__UBA2330;s__	ESV31.1442;tax=d:Bacteria,p:Bacteroidetes,c:Ignavibacteria,o:SJA-28,f:midas_f_31,g:midas_g_31,s:midas_s_31;	NA	NA	FPLP01006939.12.1511 Bacteria;Bacteroidota;SJA-28;metagenome	NA	NA	NA	NA	NA	Mari_18-Q3-R65-66_MAXAC.025	9214	8099
8654	Mari_18-Q3-R65-66_MAXAC.226	tig00000206-10-12904610	822	810	tig00000206-10-12904610	0	1103	-1	808	Mari_18-Q3-R65-66_MAXAC.226_00808	NA	40	NA	NA	NA	NA	NA	NA	NA	NA	NA	d__Bacteria;p__Acidobacteriota;c__Blastocatellia;o__Pyrinomonadales;f__Pyrinomonadaceae;g__;s__	ESV895.1442;tax=d:Bacteria,p:Acidobacteria,c:Blastocatellia_Subgroup_4,o:Blastocatellales,f:Blastocatellaceae,g:JGI.fa	NA	NA	JX898166.1.1518 Bacteria;Acidobacteriota;Blastocatellia;Blastocatellales;Blastocatellaceae;Aridibacter;uncultured bacterium	NA	NA	NA	NA	NA	Mari_18-Q3-R65-66_MAXAC.226	1103	0
8654	Mari_18-Q3-R65-66_MAXAC.226	tig00000206-10-12904610	822	810	tig00000206-10-12904610	1228	2493	-1	809	Mari_18-Q3-R65-66_MAXAC.226_00809	NA	40	NA	NA	NA	NA	NA	NA	NA	NA	NA	d__Bacteria;p__Acidobacteriota;c__Blastocatellia;o__Pyrinomonadales;f__Pyrinomonadaceae;g__;s__	ESV895.1442;tax=d:Bacteria,p:Acidobacteria,c:Blastocatellia_Subgroup_4,o:Blastocatellales,f:Blastocatellaceae,g:JGI.fa	NA	NA	JX898166.1.1518 Bacteria;Acidobacteriota;Blastocatellia;Blastocatellales;Blastocatellaceae;Aridibacter;uncultured bacterium	NA	NA	NA	NA	NA	Mari_18-Q3-R65-66_MAXAC.226	2493	1228
8654	Mari_18-Q3-R65-66_MAXAC.226	tig00000206-10-12904610	822	810	tig00000206-10-12904610	2510	3409	-1	810	Mari_18-Q3-R65-66_MAXAC.226_00810	epsH	27.049	244	164	8	1	239	1	235	4.67e-61	202	d__Bacteria;p__Acidobacteriota;c__Blastocatellia;o__Pyrinomonadales;f__Pyrinomonadaceae;g__;s__	ESV895.1442;tax=d:Bacteria,p:Acidobacteria,c:Blastocatellia_Subgroup_4,o:Blastocatellales,f:Blastocatellaceae,g:JGI.fa	99.9	1442	JX898166.1.1518 Bacteria;Acidobacteriota;Blastocatellia;Blastocatellales;Blastocatellaceae;Aridibacter;uncultured bacterium	96.5	1518	0.2551718	GT	start	Mari_18-Q3-R65-66_MAXAC.226	3215	2513
8654	Mari_18-Q3-R65-66_MAXAC.226	tig00000206-10-12904610	822	810	tig00000206-10-12904610	3607	4584	1	811	Mari_18-Q3-R65-66_MAXAC.226_00811	epsJ	21.812	298	202	11	2	281	6	290	1.36e-34	134	d__Bacteria;p__Acidobacteriota;c__Blastocatellia;o__Pyrinomonadales;f__Pyrinomonadaceae;g__;s__	ESV895.1442;tax=d:Bacteria,p:Acidobacteria,c:Blastocatellia_Subgroup_4,o:Blastocatellales,f:Blastocatellaceae,g:JGI.fa	99.9	1442	JX898166.1.1518 Bacteria;Acidobacteriota;Blastocatellia;Blastocatellales;Blastocatellaceae;Aridibacter;uncultured bacterium	96.5	1518	0.2551718	GT	NA	Mari_18-Q3-R65-66_MAXAC.226	4477	3625
8654	Mari_18-Q3-R65-66_MAXAC.226	tig00000206-10-12904610	822	810	tig00000206-10-12904610	4568	5698	1	812	Mari_18-Q3-R65-66_MAXAC.226_00812	NA	40	NA	NA	NA	NA	NA	NA	NA	NA	NA	d__Bacteria;p__Acidobacteriota;c__Blastocatellia;o__Pyrinomonadales;f__Pyrinomonadaceae;g__;s__	ESV895.1442;tax=d:Bacteria,p:Acidobacteria,c:Blastocatellia_Subgroup_4,o:Blastocatellales,f:Blastocatellaceae,g:JGI.fa	NA	NA	JX898166.1.1518 Bacteria;Acidobacteriota;Blastocatellia;Blastocatellales;Blastocatellaceae;Aridibacter;uncultured bacterium	NA	NA	NA	NA	NA	Mari_18-Q3-R65-66_MAXAC.226	5698	4568
8654	Mari_18-Q3-R65-66_MAXAC.226	tig00000206-10-12904610	822	810	tig00000206-10-12904610	5717	6154	-1	813	Mari_18-Q3-R65-66_MAXAC.226_00813	NA	40	NA	NA	NA	NA	NA	NA	NA	NA	NA	d__Bacteria;p__Acidobacteriota;c__Blastocatellia;o__Pyrinomonadales;f__Pyrinomonadaceae;g__;s__	ESV895.1442;tax=d:Bacteria,p:Acidobacteria,c:Blastocatellia_Subgroup_4,o:Blastocatellales,f:Blastocatellaceae,g:JGI.fa	NA	NA	JX898166.1.1518 Bacteria;Acidobacteriota;Blastocatellia;Blastocatellales;Blastocatellaceae;Aridibacter;uncultured bacterium	NA	NA	NA	NA	NA	Mari_18-Q3-R65-66_MAXAC.226	6154	5717
8654	Mari_18-Q3-R65-66_MAXAC.226	tig00000206-10-12904610	822	810	tig00000206-10-12904610	6185	7294	-1	814	Mari_18-Q3-R65-66_MAXAC.226_00814	NA	40	NA	NA	NA	NA	NA	NA	NA	NA	NA	d__Bacteria;p__Acidobacteriota;c__Blastocatellia;o__Pyrinomonadales;f__Pyrinomonadaceae;g__;s__	ESV895.1442;tax=d:Bacteria,p:Acidobacteria,c:Blastocatellia_Subgroup_4,o:Blastocatellales,f:Blastocatellaceae,g:JGI.fa	NA	NA	JX898166.1.1518 Bacteria;Acidobacteriota;Blastocatellia;Blastocatellales;Blastocatellaceae;Aridibacter;uncultured bacterium	NA	NA	NA	NA	NA	Mari_18-Q3-R65-66_MAXAC.226	7294	6185
8654	Mari_18-Q3-R65-66_MAXAC.226	tig00000206-10-12904610	822	810	tig00000206-10-12904610	7305	7859	-1	815	Mari_18-Q3-R65-66_MAXAC.226_00815	NA	40	NA	NA	NA	NA	NA	NA	NA	NA	NA	d__Bacteria;p__Acidobacteriota;c__Blastocatellia;o__Pyrinomonadales;f__Pyrinomonadaceae;g__;s__	ESV895.1442;tax=d:Bacteria,p:Acidobacteria,c:Blastocatellia_Subgroup_4,o:Blastocatellales,f:Blastocatellaceae,g:JGI.fa	NA	NA	JX898166.1.1518 Bacteria;Acidobacteriota;Blastocatellia;Blastocatellales;Blastocatellaceae;Aridibacter;uncultured bacterium	NA	NA	NA	NA	NA	Mari_18-Q3-R65-66_MAXAC.226	7859	7305
8654	Mari_18-Q3-R65-66_MAXAC.226	tig00000206-10-12904610	822	810	tig00000206-10-12904610	7895	8878	-1	816	Mari_18-Q3-R65-66_MAXAC.226_00816	epsJ	22.314	121	87	3	5	119	7	126	1.48e-19	93.7	d__Bacteria;p__Acidobacteriota;c__Blastocatellia;o__Pyrinomonadales;f__Pyrinomonadaceae;g__;s__	ESV895.1442;tax=d:Bacteria,p:Acidobacteria,c:Blastocatellia_Subgroup_4,o:Blastocatellales,f:Blastocatellaceae,g:JGI.fa	99.9	1442	JX898166.1.1518 Bacteria;Acidobacteriota;Blastocatellia;Blastocatellales;Blastocatellaceae;Aridibacter;uncultured bacterium	96.5	1518	0.2551718	GT	NA	Mari_18-Q3-R65-66_MAXAC.226	8273	7916
8654	Mari_18-Q3-R65-66_MAXAC.226	tig00000206-10-12904610	822	810	tig00000206-10-12904610	8875	10068	-1	817	Mari_18-Q3-R65-66_MAXAC.226_00817	NA	40	NA	NA	NA	NA	NA	NA	NA	NA	NA	d__Bacteria;p__Acidobacteriota;c__Blastocatellia;o__Pyrinomonadales;f__Pyrinomonadaceae;g__;s__	ESV895.1442;tax=d:Bacteria,p:Acidobacteria,c:Blastocatellia_Subgroup_4,o:Blastocatellales,f:Blastocatellaceae,g:JGI.fa	NA	NA	JX898166.1.1518 Bacteria;Acidobacteriota;Blastocatellia;Blastocatellales;Blastocatellaceae;Aridibacter;uncultured bacterium	NA	NA	NA	NA	NA	Mari_18-Q3-R65-66_MAXAC.226	10068	8875
8654	Mari_18-Q3-R65-66_MAXAC.226	tig00000206-10-12904610	822	810	tig00000206-10-12904610	10065	10823	-1	818	Mari_18-Q3-R65-66_MAXAC.226_00818	NA	40	NA	NA	NA	NA	NA	NA	NA	NA	NA	d__Bacteria;p__Acidobacteriota;c__Blastocatellia;o__Pyrinomonadales;f__Pyrinomonadaceae;g__;s__	ESV895.1442;tax=d:Bacteria,p:Acidobacteria,c:Blastocatellia_Subgroup_4,o:Blastocatellales,f:Blastocatellaceae,g:JGI.fa	NA	NA	JX898166.1.1518 Bacteria;Acidobacteriota;Blastocatellia;Blastocatellales;Blastocatellaceae;Aridibacter;uncultured bacterium	NA	NA	NA	NA	NA	Mari_18-Q3-R65-66_MAXAC.226	10823	10065
8654	Mari_18-Q3-R65-66_MAXAC.226	tig00000206-10-12904610	822	810	tig00000206-10-12904610	10867	12405	-1	819	Mari_18-Q3-R65-66_MAXAC.226_00819	epsK	23.167	341	244	8	11	343	25	355	3e-05	52.8	d__Bacteria;p__Acidobacteriota;c__Blastocatellia;o__Pyrinomonadales;f__Pyrinomonadaceae;g__;s__	ESV895.1442;tax=d:Bacteria,p:Acidobacteria,c:Blastocatellia_Subgroup_4,o:Blastocatellales,f:Blastocatellaceae,g:JGI.fa	99.9	1442	JX898166.1.1518 Bacteria;Acidobacteriota;Blastocatellia;Blastocatellales;Blastocatellaceae;Aridibacter;uncultured bacterium	96.5	1518	0.2551718	Export	NA	Mari_18-Q3-R65-66_MAXAC.226	11932	10942
8654	Mari_18-Q3-R65-66_MAXAC.226	tig00000206-10-12904610	822	810	tig00000206-10-12904610	12510	13463	-1	820	Mari_18-Q3-R65-66_MAXAC.226_00820	NA	40	NA	NA	NA	NA	NA	NA	NA	NA	NA	d__Bacteria;p__Acidobacteriota;c__Blastocatellia;o__Pyrinomonadales;f__Pyrinomonadaceae;g__;s__	ESV895.1442;tax=d:Bacteria,p:Acidobacteria,c:Blastocatellia_Subgroup_4,o:Blastocatellales,f:Blastocatellaceae,g:JGI.fa	NA	NA	JX898166.1.1518 Bacteria;Acidobacteriota;Blastocatellia;Blastocatellales;Blastocatellaceae;Aridibacter;uncultured bacterium	NA	NA	NA	NA	NA	Mari_18-Q3-R65-66_MAXAC.226	13463	12510
8654	Mari_18-Q3-R65-66_MAXAC.226	tig00000206-10-12904610	822	810	tig00000206-10-12904610	13529	14593	-1	821	Mari_18-Q3-R65-66_MAXAC.226_00821	NA	40	NA	NA	NA	NA	NA	NA	NA	NA	NA	d__Bacteria;p__Acidobacteriota;c__Blastocatellia;o__Pyrinomonadales;f__Pyrinomonadaceae;g__;s__	ESV895.1442;tax=d:Bacteria,p:Acidobacteria,c:Blastocatellia_Subgroup_4,o:Blastocatellales,f:Blastocatellaceae,g:JGI.fa	NA	NA	JX898166.1.1518 Bacteria;Acidobacteriota;Blastocatellia;Blastocatellales;Blastocatellaceae;Aridibacter;uncultured bacterium	NA	NA	NA	NA	NA	Mari_18-Q3-R65-66_MAXAC.226	14593	13529
8654	Mari_18-Q3-R65-66_MAXAC.226	tig00000206-10-12904610	822	810	tig00000206-10-12904610	14590	16191	-1	822	Mari_18-Q3-R65-66_MAXAC.226_00822	epsK	21.368	351	265	4	11	356	48	392	9.57e-08	60.8	d__Bacteria;p__Acidobacteriota;c__Blastocatellia;o__Pyrinomonadales;f__Pyrinomonadaceae;g__;s__	ESV895.1442;tax=d:Bacteria,p:Acidobacteria,c:Blastocatellia_Subgroup_4,o:Blastocatellales,f:Blastocatellaceae,g:JGI.fa	99.9	1442	JX898166.1.1518 Bacteria;Acidobacteriota;Blastocatellia;Blastocatellales;Blastocatellaceae;Aridibacter;uncultured bacterium	96.5	1518	0.2551718	Export	NA	Mari_18-Q3-R65-66_MAXAC.226	15766	14734
8654	Mari_18-Q3-R65-66_MAXAC.226	tig00000206-10-12904610	822	810	tig00000206-10-12904610	17068	17589	1	823	Mari_18-Q3-R65-66_MAXAC.226_00823	NA	40	NA	NA	NA	NA	NA	NA	NA	NA	NA	d__Bacteria;p__Acidobacteriota;c__Blastocatellia;o__Pyrinomonadales;f__Pyrinomonadaceae;g__;s__	ESV895.1442;tax=d:Bacteria,p:Acidobacteria,c:Blastocatellia_Subgroup_4,o:Blastocatellales,f:Blastocatellaceae,g:JGI.fa	NA	NA	JX898166.1.1518 Bacteria;Acidobacteriota;Blastocatellia;Blastocatellales;Blastocatellaceae;Aridibacter;uncultured bacterium	NA	NA	NA	NA	NA	Mari_18-Q3-R65-66_MAXAC.226	17589	17068
8654	Mari_18-Q3-R65-66_MAXAC.226	tig00000206-10-12904610	822	810	tig00000206-10-12904610	17849	19981	1	824	Mari_18-Q3-R65-66_MAXAC.226_00824	NA	40	NA	NA	NA	NA	NA	NA	NA	NA	NA	d__Bacteria;p__Acidobacteriota;c__Blastocatellia;o__Pyrinomonadales;f__Pyrinomonadaceae;g__;s__	ESV895.1442;tax=d:Bacteria,p:Acidobacteria,c:Blastocatellia_Subgroup_4,o:Blastocatellales,f:Blastocatellaceae,g:JGI.fa	NA	NA	JX898166.1.1518 Bacteria;Acidobacteriota;Blastocatellia;Blastocatellales;Blastocatellaceae;Aridibacter;uncultured bacterium	NA	NA	NA	NA	NA	Mari_18-Q3-R65-66_MAXAC.226	19981	17849
10860	Skiv_18-Q3-R9-52_MAXAC.018	tig00004066-10-6436000	1445	1439	tig00004066-10-6436000	0	584	-1	1437	Skiv_18-Q3-R9-52_MAXAC.018_01437	NA	40	NA	NA	NA	NA	NA	NA	NA	NA	NA	d__Bacteria;p__Bacteroidota;c__Ignavibacteria;o__SJA-28;f__B-1AR;g__UBA2330;s__	ESV31.1442;tax=d:Bacteria,p:Bacteroidetes,c:Ignavibacteria,o:SJA-28,f:midas_f_31,g:midas_g_31,s:midas_s_31;	NA	NA	FPLP01006939.12.1511 Bacteria;Bacteroidota;SJA-28;metagenome	NA	NA	NA	NA	NA	Skiv_18-Q3-R9-52_MAXAC.018	584	0
10860	Skiv_18-Q3-R9-52_MAXAC.018	tig00004066-10-6436000	1445	1439	tig00004066-10-6436000	589	1704	-1	1438	Skiv_18-Q3-R9-52_MAXAC.018_01438	NA	40	NA	NA	NA	NA	NA	NA	NA	NA	NA	d__Bacteria;p__Bacteroidota;c__Ignavibacteria;o__SJA-28;f__B-1AR;g__UBA2330;s__	ESV31.1442;tax=d:Bacteria,p:Bacteroidetes,c:Ignavibacteria,o:SJA-28,f:midas_f_31,g:midas_g_31,s:midas_s_31;	NA	NA	FPLP01006939.12.1511 Bacteria;Bacteroidota;SJA-28;metagenome	NA	NA	NA	NA	NA	Skiv_18-Q3-R9-52_MAXAC.018	1704	589
10860	Skiv_18-Q3-R9-52_MAXAC.018	tig00004066-10-6436000	1445	1439	tig00004066-10-6436000	1701	2567	-1	1439	Skiv_18-Q3-R9-52_MAXAC.018_01439	epsJ	23.581	229	154	9	4	216	1	224	1.69e-27	114	d__Bacteria;p__Bacteroidota;c__Ignavibacteria;o__SJA-28;f__B-1AR;g__UBA2330;s__	ESV31.1442;tax=d:Bacteria,p:Bacteroidetes,c:Ignavibacteria,o:SJA-28,f:midas_f_31,g:midas_g_31,s:midas_s_31;	99.3	1442	FPLP01006939.12.1511 Bacteria;Bacteroidota;SJA-28;metagenome	99.1	1500	NA	GT	start	Skiv_18-Q3-R9-52_MAXAC.018	2373	1704
10860	Skiv_18-Q3-R9-52_MAXAC.018	tig00004066-10-6436000	1445	1439	tig00004066-10-6436000	2631	3542	-1	1440	Skiv_18-Q3-R9-52_MAXAC.018_01440	NA	40	NA	NA	NA	NA	NA	NA	NA	NA	NA	d__Bacteria;p__Bacteroidota;c__Ignavibacteria;o__SJA-28;f__B-1AR;g__UBA2330;s__	ESV31.1442;tax=d:Bacteria,p:Bacteroidetes,c:Ignavibacteria,o:SJA-28,f:midas_f_31,g:midas_g_31,s:midas_s_31;	NA	NA	FPLP01006939.12.1511 Bacteria;Bacteroidota;SJA-28;metagenome	NA	NA	NA	NA	NA	Skiv_18-Q3-R9-52_MAXAC.018	3542	2631
10860	Skiv_18-Q3-R9-52_MAXAC.018	tig00004066-10-6436000	1445	1439	tig00004066-10-6436000	3976	4638	-1	1441	Skiv_18-Q3-R9-52_MAXAC.018_01441	epsJ	22.172	221	151	7	4	213	10	220	3.69e-28	114	d__Bacteria;p__Bacteroidota;c__Ignavibacteria;o__SJA-28;f__B-1AR;g__UBA2330;s__	ESV31.1442;tax=d:Bacteria,p:Bacteroidetes,c:Ignavibacteria,o:SJA-28,f:midas_f_31,g:midas_g_31,s:midas_s_31;	99.3	1442	FPLP01006939.12.1511 Bacteria;Bacteroidota;SJA-28;metagenome	99.1	1500	NA	GT	NA	Skiv_18-Q3-R9-52_MAXAC.018	4636	4006
10860	Skiv_18-Q3-R9-52_MAXAC.018	tig00004066-10-6436000	1445	1439	tig00004066-10-6436000	4613	5674	-1	1442	Skiv_18-Q3-R9-52_MAXAC.018_01442	NA	40	NA	NA	NA	NA	NA	NA	NA	NA	NA	d__Bacteria;p__Bacteroidota;c__Ignavibacteria;o__SJA-28;f__B-1AR;g__UBA2330;s__	ESV31.1442;tax=d:Bacteria,p:Bacteroidetes,c:Ignavibacteria,o:SJA-28,f:midas_f_31,g:midas_g_31,s:midas_s_31;	NA	NA	FPLP01006939.12.1511 Bacteria;Bacteroidota;SJA-28;metagenome	NA	NA	NA	NA	NA	Skiv_18-Q3-R9-52_MAXAC.018	5674	4613
10860	Skiv_18-Q3-R9-52_MAXAC.018	tig00004066-10-6436000	1445	1439	tig00004066-10-6436000	5671	6435	-1	1443	Skiv_18-Q3-R9-52_MAXAC.018_01443	epsH	24.39	205	147	6	6	207	2	201	2.54e-24	105	d__Bacteria;p__Bacteroidota;c__Ignavibacteria;o__SJA-28;f__B-1AR;g__UBA2330;s__	ESV31.1442;tax=d:Bacteria,p:Bacteroidetes,c:Ignavibacteria,o:SJA-28,f:midas_f_31,g:midas_g_31,s:midas_s_31;	99.3	1442	FPLP01006939.12.1511 Bacteria;Bacteroidota;SJA-28;metagenome	99.1	1500	NA	GT	NA	Skiv_18-Q3-R9-52_MAXAC.018	6274	5677
10860	Skiv_18-Q3-R9-52_MAXAC.018	tig00004066-10-6436000	1445	1439	tig00004066-10-6436000	6440	7543	-1	1444	Skiv_18-Q3-R9-52_MAXAC.018_01444	NA	40	NA	NA	NA	NA	NA	NA	NA	NA	NA	d__Bacteria;p__Bacteroidota;c__Ignavibacteria;o__SJA-28;f__B-1AR;g__UBA2330;s__	ESV31.1442;tax=d:Bacteria,p:Bacteroidetes,c:Ignavibacteria,o:SJA-28,f:midas_f_31,g:midas_g_31,s:midas_s_31;	NA	NA	FPLP01006939.12.1511 Bacteria;Bacteroidota;SJA-28;metagenome	NA	NA	NA	NA	NA	Skiv_18-Q3-R9-52_MAXAC.018	7543	6440
10860	Skiv_18-Q3-R9-52_MAXAC.018	tig00004066-10-6436000	1445	1439	tig00004066-10-6436000	7521	8003	-1	1445	Skiv_18-Q3-R9-52_MAXAC.018_01445	epsK	21.831	142	111	0	2	143	6	147	3.66e-21	95.9	d__Bacteria;p__Bacteroidota;c__Ignavibacteria;o__SJA-28;f__B-1AR;g__UBA2330;s__	ESV31.1442;tax=d:Bacteria,p:Bacteroidetes,c:Ignavibacteria,o:SJA-28,f:midas_f_31,g:midas_g_31,s:midas_s_31;	99.3	1442	FPLP01006939.12.1511 Bacteria;Bacteroidota;SJA-28;metagenome	99.1	1500	NA	Export	NA	Skiv_18-Q3-R9-52_MAXAC.018	7962	7539
10860	Skiv_18-Q3-R9-52_MAXAC.018	tig00004066-10-6436000	1445	1439	tig00004066-10-6436000	8003	8842	-1	1446	Skiv_18-Q3-R9-52_MAXAC.018_01446	NA	40	NA	NA	NA	NA	NA	NA	NA	NA	NA	d__Bacteria;p__Bacteroidota;c__Ignavibacteria;o__SJA-28;f__B-1AR;g__UBA2330;s__	ESV31.1442;tax=d:Bacteria,p:Bacteroidetes,c:Ignavibacteria,o:SJA-28,f:midas_f_31,g:midas_g_31,s:midas_s_31;	NA	NA	FPLP01006939.12.1511 Bacteria;Bacteroidota;SJA-28;metagenome	NA	NA	NA	NA	NA	Skiv_18-Q3-R9-52_MAXAC.018	8842	8003
10860	Skiv_18-Q3-R9-52_MAXAC.018	tig00004066-10-6436000	1445	1439	tig00004066-10-6436000	8845	9846	-1	1447	Skiv_18-Q3-R9-52_MAXAC.018_01447	NA	40	NA	NA	NA	NA	NA	NA	NA	NA	NA	d__Bacteria;p__Bacteroidota;c__Ignavibacteria;o__SJA-28;f__B-1AR;g__UBA2330;s__	ESV31.1442;tax=d:Bacteria,p:Bacteroidetes,c:Ignavibacteria,o:SJA-28,f:midas_f_31,g:midas_g_31,s:midas_s_31;	NA	NA	FPLP01006939.12.1511 Bacteria;Bacteroidota;SJA-28;metagenome	NA	NA	NA	NA	NA	Skiv_18-Q3-R9-52_MAXAC.018	9846	8845
